Age,Income,Credit Score,Loan Amount,Loan Term,Interest Rate,Employment Length,Home Ownership,Marital Status,Dependents,Loan Default
46,92183.22709724726,682,31034.231662821334,32,7.6785874518541135,14,1,3,2,1
41,84380.22434301804,701,23917.829082323322,37,15.82945106458019,15,1,3,3,0
42,93357.14451126785,690,17326.102853102602,36,17.62663876323395,13,1,3,3,0
63,87201.29092768498,502,32488.35019856992,24,13.208776632273798,21,1,3,3,0
47,54199.43841669328,788,19914.667065760263,27,9.818850811827602,21,0,3,3,1
46,86176.0267373107,513,24516.099275536224,35,13.56542053600451,33,1,3,4,1
43,79301.59131786214,846,39655.89675154037,36,13.63062683537203,2,1,3,4,1
32,115737.43828437789,713,15083.355480212958,29,12.967493555387705,17,1,3,2,0
42,93709.78007110783,697,15403.92486234948,38,14.996919440736962,17,0,3,4,0
36,122048.99824220127,606,22711.372728628605,43,12.4495722947284,21,1,3,2,0
65,72676.08383169508,592,24849.677251841866,34,13.558249793430827,11,1,3,1,0
45,108318.13675374148,532,25877.820826948922,37,13.697590261858634,8,1,3,3,0
50,104983.74374490023,652,20776.099027319156,39,17.51259651245708,14,1,3,4,0
47,53706.96116180408,564,18939.344718346885,34,18.265509334469453,19,1,3,4,0
47,67869.68857953633,632,28315.808926544003,30,11.34137019759129,18,1,3,3,0
38,56797.99190821623,524,21063.13651534535,37,20.412941912833432,21,1,3,3,1
54,52946.1648310294,578,9944.177074450135,36,11.023296839733428,24,0,3,2,1
43,67920.72544603629,560,27113.591947375822,31,9.896520667504074,15,1,3,3,1
49,79698.4969155603,461,31050.28414802752,28,14.846093595440713,18,1,3,4,0
40,55688.810157664564,560,12522.224428100311,39,16.924497894982437,17,1,3,4,0
52,119379.98575786786,631,21316.834730185306,40,23.005643588717653,17,1,3,4,0
38,98093.81308245838,733,18812.198661757026,34,17.61368211919987,14,1,0,3,0
49,64471.88097586386,673,35543.959047038355,30,12.878618898041172,9,1,3,2,1
45,82755.1165564799,671,30002.13470811013,37,17.26570351648749,15,1,3,4,0
39,77674.34102776174,679,15592.494776345151,29,13.800643178588487,17,1,3,4,0
46,101282.1868169596,563,34987.92525231556,41,10.34781136100536,19,1,3,3,1
48,52634.4973677188,565,18159.633276024415,36,15.661082545378186,18,1,3,5,1
54,54693.70819588773,664,31528.74554697327,31,19.512802553919943,17,1,3,4,1
43,74036.00741071276,639,31043.547695694073,40,3.7303822136725473,16,1,3,2,1
49,79217.09394190049,622,24169.419784782564,26,15.10703099471708,25,1,3,3,0
53,72885.27951364746,510,20955.036107499993,42,9.085813605315943,25,1,3,2,1
38,135728.51119516778,486,22787.777414736443,31,14.822556555773234,15,1,3,4,0
52,92295.76671143388,520,24539.682546912456,24,9.95843196441313,20,1,3,2,0
54,66782.26460918528,504,27119.40116587323,33,13.507377309785348,15,1,3,4,1
49,104287.11873944494,563,27818.33092376811,27,18.362912776827,11,1,3,4,0
44,66002.17310833845,473,36676.48985978163,34,16.918231049945415,34,1,3,4,1
37,90655.44753227445,337,27771.51348528121,39,16.481435928306112,31,1,3,4,1
44,48150.62070084109,440,25992.416269211528,30,15.521763235303988,30,1,3,4,1
50,36009.09921830719,683,26336.402222542172,17,10.828639035038705,36,1,3,4,0
37,88168.15272653216,627,17894.755686697892,35,14.342069553420902,15,1,3,4,0
53,65113.135799746175,850,30717.131918053925,22,19.75217836284032,20,1,3,5,1
51,90692.56595205145,541,25188.97453492617,36,13.828482425067829,24,1,3,3,1
48,68335.03076320059,726,32592.142348084995,42,13.691005873036834,11,1,3,5,1
39,91465.55341990005,557,24555.882359350337,31,15.080245074161489,18,1,3,3,0
47,65812.41857819835,644,26224.540340678737,25,15.820769312716703,22,1,3,3,0
56,53938.1780688598,650,24572.06329247028,33,10.508901533306899,22,1,3,4,1
42,85664.57732019966,509,20027.990049434866,40,18.466728638541355,32,1,3,5,1
57,126415.74190427315,411,18769.788052424374,38,15.057228785342689,32,0,3,4,1
46,93739.12341190955,538,23161.789080933395,31,19.053960796109237,21,1,3,4,1
61,55653.59931739208,579,14044.674360137891,40,17.527553273479416,21,0,0,4,1
59,105349.31873355858,491,21179.353527337604,19,15.217676528309648,20,1,3,1,1
38,103744.24234986264,694,23439.12776856721,32,17.76358444055049,20,1,3,4,0
58,82498.75745492846,528,22697.724719071502,24,14.447568165591818,19,1,3,2,0
53,97781.8938610328,732,32057.383041362296,27,12.508644774064015,22,1,3,4,0
54,105279.42944817027,568,18011.242792689503,35,14.379307773892956,17,1,3,3,1
43,93327.80202574798,606,33940.95685581287,44,8.425202882796807,7,1,3,3,1
53,77215.53757427279,614,27015.19556037472,34,11.390276982173205,23,1,3,3,1
42,98548.38938435752,509,26271.381399695292,33,17.47653558408229,25,1,3,5,1
44,86559.14964942745,764,40972.06437625206,32,10.48531639841859,11,1,3,1,1
47,96054.19377923121,405,33958.573840768404,36,17.30804150902339,12,1,3,4,0
48,70807.41168666194,479,16994.025730646103,37,21.619267805544112,22,1,3,3,1
37,75510.56216621038,346,31417.160042515505,33,14.851564705475726,29,1,3,5,1
36,101198.21471182985,549,24469.161798771478,30,11.207486661524502,11,1,3,3,0
64,78769.62903743931,320,17588.319639470625,34,19.83650714299456,28,0,3,3,1
46,109389.31969551442,496,28948.116912643545,34,14.425000168089884,24,1,3,3,1
51,104180.11820823558,540,27006.8089982909,29,17.893377997105723,14,1,3,4,1
39,44948.60563276181,596,11258.126625987508,26,25.0,17,1,3,3,0
46,87974.01941294524,670,38353.54381026637,26,12.977180723795781,12,1,3,3,1
52,109842.53309527751,578,29752.862285600775,26,15.20366091728167,18,1,3,4,0
59,92822.17707325441,617,31848.933464768023,29,17.249474808930067,16,1,3,2,0
58,62967.036704300495,554,35623.503221433835,31,16.847624913018876,23,1,3,5,1
54,56894.40989466191,545,20361.621443603664,33,20.520576331016873,17,1,3,5,1
52,81452.47672384896,462,8949.250822738988,40,20.456552012740737,24,1,3,4,1
42,135722.85970626707,554,28628.028885888732,41,12.437670437338182,13,1,3,5,0
53,43695.199933943375,639,27682.422964941372,44,12.676772297835198,17,1,3,3,1
40,110055.79139118276,547,14228.110266619417,40,14.63003372535038,19,0,3,3,0
35,87341.31895020133,564,21339.041297751028,33,17.909715387556332,18,1,3,2,0
39,52246.63269471325,556,17624.677140397118,39,17.82449536545543,14,1,3,4,0
48,93819.43200001637,688,19362.10363030084,46,10.334829545435802,25,1,3,3,1
68,20000.0,730,30674.09424030692,20,14.127516897639223,28,1,3,3,0
39,111753.05956763755,614,24097.251548373475,42,5.731853812983506,19,1,3,3,0
51,58616.74209925714,526,20684.61032348413,36,16.04777876260028,19,1,3,4,1
43,83626.61127876137,578,29188.76217770971,24,7.82675659608328,26,1,3,3,0
47,53253.90773791724,581,16831.452757685878,31,17.64472577968921,18,1,3,5,1
53,77279.57532753874,610,26738.782972289897,27,14.090263982209423,21,1,3,4,0
56,91432.46893972142,610,22240.196611135903,43,15.597831726929277,15,1,3,3,1
35,132562.15937937182,719,18092.219278581266,36,13.203832896167835,25,0,3,2,0
42,62006.32503734643,621,14313.505319212836,29,18.197269542932027,13,1,3,3,0
48,106838.23998449398,426,24567.072135349954,42,8.021661575518369,9,1,3,2,1
56,71623.49160289574,551,28898.508030621015,33,17.652667907311553,17,1,3,3,1
59,56552.724294745174,666,28609.153114815355,24,16.37196711805156,23,1,3,3,1
40,121134.59519832046,648,20387.18941063692,48,19.704361949580775,21,1,3,2,0
46,93957.29909520663,587,30071.674001377916,46,10.583423495934191,18,1,3,3,1
36,95361.38524202984,531,29823.079379229614,36,15.419096216110944,19,1,3,5,0
52,90860.07932563363,390,33182.01478424331,27,15.531884821133083,27,1,3,3,1
59,54168.723846671695,438,25288.513732335825,20,18.14085962836481,19,1,3,3,0
42,92919.37282328555,727,33849.729128503604,35,12.966081291106295,30,1,3,3,1
48,72439.7350754026,572,31005.25828100339,33,18.555745931147573,13,1,3,3,1
51,110284.30991506416,497,27687.56233176517,36,16.986408475403874,16,1,3,4,0
37,83572.5994646555,497,31262.882531624127,36,16.171170513745416,23,1,3,4,1
50,60202.67813742483,677,30582.774585372204,32,8.373753118815774,17,1,3,2,0
46,112825.1598852717,371,24189.22277044833,30,10.110662678571002,18,1,3,5,0
44,77861.3628663658,651,23851.29586484623,38,20.52968526914029,32,1,3,3,1
54,83842.59420594947,501,17990.045634846658,45,17.147746382997664,25,1,3,4,1
52,63266.90137868478,545,24696.209752297338,43,9.805073180123461,13,1,0,5,1
42,62091.870306274985,658,35751.0876298892,44,10.946432555934413,5,1,3,4,1
55,124131.30337113557,565,23110.966212920495,26,13.15808461305694,17,1,3,1,0
62,55049.07718487853,455,31946.96703680062,20,14.309191314685016,28,1,3,4,0
42,120909.4480191736,466,26242.488682366864,26,12.157250318837125,16,1,3,4,0
58,106785.83290499393,709,32510.700552126713,33,14.958005082883398,11,1,3,5,0
37,37976.22016677219,545,15823.45293247115,40,11.548698698032455,21,1,3,4,0
46,66746.40895198846,519,19156.870590101593,48,16.577756557916246,15,1,3,3,0
50,74591.94528395578,676,24419.609546282714,38,12.953887618992933,8,1,0,4,1
39,150000.0,622,26625.020175627546,40,11.586488040769574,4,1,3,4,0
40,135609.6259875267,497,24847.70959297208,34,9.586676067361523,17,1,3,4,0
54,111211.12895353488,641,26084.89236700944,30,22.145597465727157,11,1,3,3,0
39,137868.13966573396,711,14303.862066097696,43,8.608688543264728,18,0,3,3,0
35,95332.22171313278,713,15072.048946290504,46,15.294373157356219,18,1,3,3,0
60,88060.48935817892,567,9344.662184174143,31,20.858068367936095,28,1,3,5,1
48,150000.0,671,28218.293930747714,35,21.841331671715686,18,0,3,5,0
39,96583.75908436801,763,15574.365560445973,41,16.59694138650893,16,1,3,3,0
47,76432.02530742351,635,19400.070772556093,42,11.086363186398202,30,1,3,5,1
44,132514.15306670548,622,26509.268429936674,33,15.019181040185197,19,1,3,3,0
57,55770.76402673814,570,31212.492442050603,35,15.626849614506812,16,1,3,4,0
44,106032.05806595965,792,22100.435590310695,23,20.529854213742667,9,1,3,2,0
38,142989.25018652997,470,26258.340191947016,42,12.417022423560912,10,1,3,3,0
51,55820.07734201235,747,30316.5020991439,26,11.91556126371719,11,1,3,5,1
62,67521.51396637126,450,29161.148844343716,19,16.558000311973554,29,1,3,3,0
42,100167.50647234733,332,24915.256950321073,41,18.627090825558447,27,1,1,3,1
49,83969.7662061728,572,30957.189849804134,28,13.470263178021925,21,1,3,4,0
55,71864.85572170012,529,20002.863321602483,29,17.39471319451004,16,1,3,2,0
46,112610.65836295747,649,19609.201312230685,44,15.85680964088871,21,1,3,4,0
52,101934.7126498208,536,20869.099960896376,46,11.93065713627099,24,1,3,3,1
54,73444.7918606698,559,30586.27675803786,37,18.45852724164557,5,1,1,3,1
60,64489.79616780584,659,17098.10620272888,40,12.697370534867742,26,1,3,5,1
37,120399.27386111362,493,19825.293053248228,42,20.895123840290434,21,1,3,3,1
54,64585.35214687786,621,14865.146696694952,40,21.70419208246638,18,1,3,5,1
46,46708.86913679122,606,37790.34153388629,35,8.921092977060802,18,1,3,4,1
40,128196.62780050925,524,16833.943092115846,40,13.689457552817156,11,1,3,1,0
55,65517.729758428424,567,17129.19078936247,39,15.84783445845029,21,1,3,3,1
49,99996.74705392508,546,25295.34349578708,26,15.618082120279993,21,1,3,3,0
45,119222.11153442635,694,19077.755169389195,39,12.827941190634382,22,1,3,2,0
44,54731.73073454819,519,30695.547409647057,25,15.643387132082596,26,1,3,4,1
48,107524.2880377878,533,30153.225660861604,49,11.026372386171243,22,1,3,3,1
41,76034.72077903809,574,23601.652014168187,25,12.190253822911004,20,1,3,2,0
50,131385.89067672644,458,28637.69658468441,42,14.995990913588791,12,1,3,3,0
52,65222.07596509866,421,3669.4432182614737,43,19.14851674060925,16,1,3,3,1
47,90522.9025228638,555,26861.73578831282,36,12.025522098984705,13,1,3,3,0
60,57583.65182248042,620,30358.78953879946,21,15.915333225832704,21,1,3,3,0
47,105824.57611604143,508,35501.1810664643,31,18.423488683769293,13,1,3,4,0
47,76306.63884514451,402,16848.82951337049,44,15.590609452417775,20,1,3,4,1
64,67650.27616412303,496,12508.92334264486,39,13.293234344210884,22,1,3,4,1
35,71404.60212849485,542,26639.63606087546,30,13.961644320815136,20,1,3,5,0
38,115672.32259557999,498,26291.362893560927,38,8.703155681098137,14,1,3,4,0
57,64182.71881064706,690,16702.184401323768,29,15.763263649034215,17,1,3,3,1
44,97386.53659318201,560,28957.337925808275,45,6.465088518868564,17,1,3,2,1
57,128458.80298141367,627,26816.739838745892,29,12.713958447719833,21,1,3,3,0
44,63513.04979318563,850,36252.5758461722,34,11.110754435228555,12,1,3,4,1
50,80840.78103527044,653,19289.94021808675,37,20.211476716004544,16,1,3,4,0
39,102764.37025208026,645,42856.797130780324,41,8.203897434450191,2,1,3,2,1
59,60743.80714113753,434,19665.651997731173,35,14.620671855964375,11,1,3,3,1
47,50682.957953196914,714,10992.409559344667,36,17.421704049067888,17,1,3,4,1
51,150000.0,466,22230.851929927605,43,13.836511157193506,10,1,3,4,0
49,79419.49469312599,381,34661.36442093,35,14.205796297272055,14,1,3,5,0
33,108897.04156956743,630,24996.988225014036,37,11.000323920357701,19,1,3,5,0
39,119284.34259502268,804,22362.610914215515,36,13.554165752783335,19,1,3,4,0
34,82601.05380169624,440,24381.751958506367,30,18.729033097906417,28,1,3,4,1
49,115804.85236070016,500,20683.59867369764,34,21.108061738470845,19,1,3,3,1
43,51808.89634322162,705,27475.243283842625,31,13.931608413365014,25,1,3,5,1
53,81736.4477973405,616,23827.583250948046,23,10.12431731530446,25,1,3,4,0
55,77074.46023669637,560,20968.617713944554,45,14.38842178910951,14,1,3,3,1
57,66605.8307103734,487,31328.548280724284,33,19.18417646671655,13,1,3,3,1
49,101367.61192086668,391,18396.10340416647,39,15.516197835613239,26,1,3,5,1
47,78149.00343220268,511,22340.156314278815,40,20.424186184767837,12,1,3,4,0
59,54685.04789046996,696,18657.181320368025,36,10.741963772917034,18,0,3,5,0
51,82476.40281166736,564,21751.06713896756,38,18.57469746811323,11,1,3,4,0
45,103719.33131184417,433,21458.614396801553,35,13.790983488536165,17,1,3,3,0
47,82325.70581153182,611,25030.619858431328,39,14.37363493448277,15,0,3,5,1
46,114875.42647127254,553,24854.17870460403,35,19.504477978952842,23,0,3,3,1
34,143700.40288815234,519,35211.28447441514,33,17.26357960666964,20,1,3,4,0
52,113141.65915070288,591,26375.854997933184,27,17.5425617190185,12,1,3,0,0
47,98756.1235664582,527,18074.906151872878,40,14.464654126483042,19,1,3,3,0
54,60114.32156072029,590,19656.96821060443,34,13.417137072287565,25,1,3,5,1
44,71164.20684824952,503,38156.49419614206,42,14.829329630472118,10,1,3,4,1
55,90133.20363018734,446,12319.142831749912,29,12.680748721332243,24,0,3,2,1
51,92895.21619090882,557,37293.420590485584,34,18.642459380489424,14,1,3,4,1
43,84285.73106294841,523,19729.266600044273,32,14.227826933472317,20,1,3,4,0
57,87588.16126706601,513,24468.883750938712,34,21.126257719326535,16,1,3,4,1
50,62687.57819233224,671,36278.76773340604,35,16.619540859408882,11,1,3,3,1
69,66322.77083163099,386,16050.369924963858,40,23.08090987486403,20,1,3,4,1
54,77265.03744486852,632,26774.757950763462,31,11.63701367947438,19,1,3,5,1
32,109450.48640960168,509,24026.263024548607,42,12.088047233909377,21,1,3,4,0
42,42186.67266287952,625,43110.57120643201,39,13.050806334325989,8,1,3,5,1
47,86319.96182158205,608,19209.482014549856,41,15.81000833074991,14,1,3,3,0
45,95396.48512696795,418,34410.006818819835,34,12.775481656791083,15,1,3,3,1
49,112752.31690800126,638,16877.945555784896,40,14.382973068692444,16,1,3,2,0
57,77390.33676441942,565,21155.622443365864,45,12.552452100646278,21,1,3,3,1
57,110865.2229240475,638,28097.021996196825,27,16.420548749774596,10,1,3,2,0
49,68746.24264810761,615,20018.652873988467,32,15.567371404680479,14,1,3,4,1
52,86402.30493286905,824,38524.197764676275,28,13.758260703767613,19,1,3,5,0
51,67389.86416969191,500,16502.026482019344,39,18.6373170816783,19,1,3,4,1
50,127126.49303406413,541,22767.01030077812,51,13.463387831622155,19,0,3,3,1
47,80665.75583591781,444,23992.355927989778,37,17.858300400651657,25,1,3,4,1
49,147142.60492614724,697,27510.15635931738,31,11.487187661729287,12,1,3,2,0
44,74498.07136670918,764,32203.50217301287,43,11.486919576927162,9,1,3,3,0
55,80467.84154624207,610,30712.096823136886,27,15.095888531748098,16,1,3,3,0
60,60007.72930627318,582,8421.395632674044,37,15.287268105340972,15,1,3,4,1
41,141020.99498806213,597,23801.66502258145,39,9.505536070609251,11,1,3,3,0
61,69872.69199928798,485,13824.168189415084,38,16.75198275494583,13,1,3,4,1
44,150000.0,709,18872.993651211345,37,18.109849906621093,18,1,3,2,0
50,118955.29461240032,609,27862.478915631684,24,17.399802988646215,18,1,3,4,0
39,96392.29352596776,405,31645.09523229063,32,14.272056319132547,23,1,3,3,1
48,107367.7558925764,561,24677.755528291134,40,16.16950995693247,31,1,3,5,1
47,80667.36554938146,756,26743.971299213412,35,17.61081131753827,12,0,3,4,1
49,69178.25130724761,598,13115.313317643871,37,18.49006934117496,15,1,3,4,1
44,89586.11345162889,696,24388.54114730652,38,11.914106812547942,23,1,3,3,1
57,103293.25523083587,639,33718.26094094341,45,10.517172744697667,7,1,3,4,0
50,86126.2725629816,627,27168.94345152792,27,15.11608810560128,18,1,3,3,0
41,85718.4970896292,343,27976.532980244294,39,18.8736721450657,27,1,3,4,1
47,77220.71164294283,683,19353.855660844863,38,18.140585633840818,13,1,3,3,0
34,150000.0,597,29725.66623614612,31,13.258642826230517,10,1,3,4,0
37,74394.54591009764,566,25123.21557761258,38,17.53274880125302,23,1,3,4,0
40,92433.73449262654,412,23585.336050467555,36,19.903045539470785,24,1,3,5,1
52,74993.0318030431,567,27758.04524608982,39,14.79516519400744,23,1,3,3,1
42,104703.93946700243,583,18262.6240032228,30,14.571275393071675,18,1,3,3,0
51,114166.11501903582,619,30488.372499774094,35,14.11416812469305,24,1,3,4,1
41,110657.5060336709,449,39664.499906942256,30,14.390934604332664,29,1,3,3,1
43,98577.04079559699,774,6630.303827250707,40,17.582263200616985,23,1,3,3,0
42,107630.66535869894,796,18801.2667985895,40,19.467396846687038,19,1,3,4,0
44,74809.98643649867,850,45065.84637452584,29,13.702073822783719,15,1,3,4,1
56,74328.79619343109,487,21494.655109196683,38,18.469515773391155,20,1,3,5,1
52,66974.29301515836,515,23899.59247877988,36,10.472037461998374,22,1,3,4,1
36,105018.06505778393,616,21040.00441001552,37,15.852475905219256,18,1,3,4,0
48,88818.36656036704,849,32708.70729572904,32,17.518682456379068,18,1,3,4,0
40,142547.9970795443,505,17056.789794466644,37,12.584833880407178,15,1,3,3,0
47,115469.47827193726,729,35526.8931549945,41,12.66307419999248,12,1,3,4,1
59,44559.60511125046,617,26341.19712914382,42,19.582099472046348,24,1,3,4,1
54,90626.68360016351,702,26227.13421015188,28,15.522130865462579,19,1,3,4,0
54,82213.92501632535,523,18203.286375197935,26,16.86546441678586,16,1,3,3,0
51,98592.26221032877,785,23278.863835787186,29,13.333916174471508,26,1,3,3,0
52,56066.50249676215,533,17277.3308198125,40,9.88135095587417,18,1,3,4,1
53,75268.12717901402,486,31140.784534020717,28,22.89175895193326,22,0,3,5,1
33,111085.68669311902,411,28752.730882490636,43,11.272502355396279,35,1,3,5,1
18,92558.44731912833,563,18573.681217004993,32,11.698628042411704,24,1,0,4,0
36,33660.86075038267,707,50000.0,39,7.2437140444118135,11,1,3,4,1
32,76144.51331583362,453,23368.89212056965,42,15.521292488269358,16,1,3,3,0
67,99085.08953344818,605,7137.281056999318,50,13.024336524554796,23,1,3,4,1
63,42793.342655047876,585,15627.590502022875,24,18.291117172733898,19,1,3,3,1
50,98792.38764598161,566,26164.913595714683,35,14.593486936268327,26,1,3,5,1
52,108876.26036926813,428,20118.203117549336,39,10.1774924517199,36,0,3,3,1
45,51013.00282476556,630,26450.429547398842,32,8.872828954067078,27,1,3,1,1
50,123234.31841492157,543,26179.29632976541,32,10.287018111729815,19,1,3,3,0
46,112281.1571808743,462,21448.441327988206,27,14.673835901309419,24,1,3,5,0
42,128891.64113634273,615,23720.406370585442,34,15.922423339929892,14,1,3,4,0
67,25501.455407383477,668,12851.395949986216,31,14.40316798676359,21,1,3,4,1
44,75651.68531140035,474,35552.60756614282,31,13.462764302306654,32,1,3,5,1
44,138484.9596602073,669,35265.739050263895,31,15.89535940729129,14,1,3,4,0
46,63578.6963447553,527,20734.822627511756,45,13.069568015712493,18,1,3,4,0
47,68734.77045091367,479,16811.938283759224,31,18.938827270551357,23,1,3,4,1
44,118365.15686613832,668,23837.857102550443,35,9.50526528101898,17,1,3,2,1
50,73776.36378507227,541,24955.65918300686,35,10.082057876832108,19,1,3,2,0
52,82643.44278151238,481,10915.168439431965,40,21.057734327138398,21,1,3,3,1
47,39430.69898725558,489,19117.594560558082,41,18.184421078583213,24,1,3,5,1
47,84102.9682323736,603,20518.363602223108,43,22.14285995183006,17,1,3,3,0
53,49071.55018577437,661,29075.06614304817,27,20.356110583027235,18,1,3,5,1
46,54502.57597034038,552,25875.374229215893,33,25.0,14,1,3,3,0
39,136233.50198593785,530,17494.419771779845,40,14.309187082981458,20,1,3,4,0
43,78196.83669651952,493,18208.90965750505,48,13.26146964618566,22,1,3,5,0
49,59488.6649491718,526,24752.56051649072,21,13.147919363110313,24,1,3,3,0
45,83817.26417857947,710,25162.043139496138,21,16.37313483979364,25,1,3,2,0
50,129671.0534508851,678,34478.43448083015,28,12.665795607675944,14,1,3,3,0
46,58665.07551855104,599,25949.9520485505,36,17.54079077678429,13,1,3,4,0
70,117783.41193352755,544,29068.232156403847,25,23.453624064035782,11,1,3,3,0
69,81063.01968369762,563,36605.943961384364,24,17.920079985156608,14,1,3,4,0
46,83137.79671391468,723,19348.572760758514,44,7.575820772458136,17,0,3,3,1
40,80677.27627141087,538,28745.638273199773,30,16.926890155704907,26,1,3,4,1
47,51777.549241354674,666,27634.197517012373,16,15.639906065489475,26,1,3,4,0
59,87863.3870676282,557,21297.9585185487,46,16.99385493717787,8,1,0,3,1
41,107583.64087201301,535,30691.620600099202,30,9.268825681634638,16,1,3,3,0
34,118126.55328358598,761,7791.228108285901,34,15.676470886051074,23,1,3,2,0
44,114168.34127043156,500,23742.18269006405,42,13.597157107382486,40,1,3,4,1
59,64561.377754179455,454,18443.575612924065,28,17.7155939753747,14,1,3,5,1
54,139665.8619347658,590,23120.736122041435,37,10.24284251207828,25,1,3,3,1
42,76212.90866240721,537,32096.726952486577,34,16.100821777081297,28,1,3,3,1
44,104372.87640758987,595,17521.471092582935,28,17.60129259517897,11,0,3,4,0
46,49571.10173806837,553,35963.06733045341,37,16.115742240352354,20,1,3,4,1
49,59602.329318313816,475,22294.249269350075,32,16.003781421160497,17,1,3,3,1
39,53182.82286436711,749,33033.27330240349,34,9.905674426169561,21,1,3,4,1
56,105869.25237607169,490,27772.424553639124,34,11.041228435252112,20,1,3,4,1
56,67383.09423890713,393,27211.806129486158,37,17.666270246670006,25,1,3,5,1
53,88496.52308800755,583,34236.03174384858,29,18.494687112779555,16,1,3,5,0
51,56887.70182855465,650,30908.74114350994,31,8.368762674141392,15,0,3,3,1
31,108467.16301812541,585,21475.838372021626,40,10.378141570567351,11,1,3,2,0
49,61025.238136287095,578,6339.003700912272,37,21.804624538878503,18,1,3,5,1
46,122101.76810930595,565,24135.564399511062,21,15.40396796238399,17,1,3,3,0
42,82118.68512240234,673,30293.024587389315,25,12.009290160211433,18,1,3,4,0
50,55825.66086093761,700,35908.76817188699,25,16.207680932605424,0,1,3,3,1
43,125387.66589952186,665,36141.744240680775,38,11.555181700362544,11,1,3,5,0
50,76844.97993079554,538,30963.913475187648,32,8.334053738658938,11,1,3,3,1
35,118289.37595430356,779,12183.874314354845,24,21.76894543750378,16,0,3,2,0
36,62748.21174160406,619,40993.5525161193,21,11.136777053276067,19,1,3,3,0
52,98923.10337136827,607,25389.881080950017,37,8.889007379440862,13,1,3,4,0
47,83254.43858056297,488,25882.26439605612,32,17.805635200318616,23,1,3,3,1
56,84535.3171110135,463,17863.707720485847,40,14.189729987789514,20,1,3,4,1
50,63073.51599997367,672,34257.2661440359,33,12.48475600852063,17,1,3,2,1
60,59088.20963443197,523,20670.14644110635,40,21.02614797800084,22,1,3,4,1
57,121196.88481499346,540,28185.551910969407,35,14.596116064004683,11,1,3,2,0
58,63823.11177922078,495,19933.40757002168,34,15.529871636869217,26,1,3,4,1
51,94320.2777360933,738,27402.68548143439,24,21.79871664957459,21,1,3,3,0
51,73337.88366482755,601,25514.118027307886,31,17.22581098677225,18,1,3,4,1
48,87624.95921496111,557,32710.194560579363,21,14.439847633928846,14,1,3,3,0
50,89589.32362924071,620,23685.18883474807,36,19.31053778006175,16,1,3,3,1
50,103239.32568276636,678,18120.009957058304,31,22.429036445092986,10,0,3,3,0
53,104945.7469905075,678,16800.16226181972,39,13.397373637279799,21,1,3,4,1
56,85815.69122786412,534,26167.56268022379,34,18.019369297150288,9,1,3,3,1
47,95765.87330246097,400,28598.338111854,31,20.34807192478659,22,1,3,3,1
53,110997.85127534492,500,20892.90066207523,40,16.239458684312552,13,1,3,3,0
45,78023.3151564412,515,25363.106735874917,30,15.367304141516398,11,1,3,4,0
32,104410.4799023189,671,14745.540612314304,41,16.6774204738701,20,1,3,3,0
37,103567.73375654308,610,23567.51781242696,36,20.03985184179759,19,1,3,4,0
35,68252.65688305236,379,13091.27027477192,37,25.0,25,1,3,4,1
55,64894.50162962686,610,23103.169919796102,32,13.35140686881009,10,1,3,4,1
33,81641.99165948808,543,32924.90451777718,31,14.798004287487544,30,1,3,4,1
47,121620.00830007423,623,12842.560117313764,50,16.877180949361243,17,1,3,4,0
50,63553.11358525081,547,22764.070549986776,38,18.673605316649454,18,1,3,4,1
39,53742.78954712445,503,20219.46161140021,39,16.267071257334987,20,1,3,4,0
63,112617.79365551598,599,33734.257816057354,27,15.70897920219056,13,1,3,4,0
56,93836.52351448064,485,22282.04944209415,38,14.494085553170333,24,1,3,5,1
54,123763.73599156691,483,21368.395221431772,43,15.052466221873846,27,0,3,3,1
55,91597.91446693172,657,24585.42006672875,33,18.568770364199807,18,1,3,3,1
44,93745.71472057367,415,25429.40016945806,32,21.58843682541423,34,1,3,5,1
63,62350.30985992654,576,16551.9513231417,27,12.761912943620457,21,1,3,3,1
38,94827.7174575611,567,17499.9030162687,31,17.247210763986484,19,1,3,4,0
49,60627.31786465273,581,24667.968876675393,34,16.7562205910206,23,1,3,3,1
38,97854.20632823983,734,40942.39502663887,40,9.245424238952234,19,1,3,4,1
45,71189.37932795577,656,25039.589015950743,25,17.765576735297575,9,1,3,4,0
42,75004.29256742293,450,21586.13836821856,46,12.87696858580033,21,1,3,5,1
56,82226.73375695325,467,24943.6426105985,38,16.264362018188276,26,1,0,4,1
43,117019.63696314784,549,31539.103823077046,21,12.153356538877516,15,1,3,5,0
56,55327.54320184933,642,26851.27791375129,34,12.752045395263533,17,1,3,4,1
39,55352.85666033224,544,24166.45391694636,38,17.392188993987865,31,1,3,4,1
40,114295.47237101331,701,17199.272982952498,35,16.562487617970138,20,1,3,4,0
39,83292.14001740432,605,20143.29013737042,37,14.155810295419895,20,1,3,2,0
41,106455.51865458359,721,15457.634501125627,41,14.39207851101494,25,1,3,3,0
52,83632.46180723514,850,27936.762624820778,28,10.873978213729323,21,1,3,5,0
55,74441.05334666479,479,26513.10507152772,32,19.15648324534507,22,1,3,4,1
54,82108.05445331357,315,20004.2892869357,51,15.546884267974866,13,1,3,5,1
43,80571.38886458159,605,27345.33808432293,22,22.5079430019001,14,0,3,3,0
48,90642.89842064085,518,14918.20420876413,38,17.241783581661355,12,1,3,2,0
52,77929.97585152189,575,26315.132153207356,37,11.424139764458708,21,1,3,5,1
47,124447.60747333034,538,25875.891624097017,36,12.580284564919667,11,1,3,3,0
47,150000.0,502,25201.03896014261,47,8.731919926015271,10,1,3,2,0
47,119903.37258244169,594,36298.93027425353,29,19.60499862869711,13,1,3,3,0
49,114762.51691902072,729,26118.113068794613,32,15.664589022509292,11,1,3,5,0
48,79338.4530823614,706,36464.3537440724,30,13.398739942068413,21,1,3,3,0
45,70099.58501061943,405,32940.36506326666,44,9.832436342444064,10,1,3,3,1
53,119096.07370010219,646,33144.58199972961,33,9.453196064515263,13,1,3,2,0
49,109454.14716331738,545,30107.07724784981,32,8.936958744101288,12,1,3,4,0
45,93711.24903006524,620,10084.029446322931,36,19.98543451820781,17,1,3,3,0
42,58596.055919174054,721,34331.385687945665,29,8.744842840081736,25,1,3,5,1
47,103131.49343188068,565,26708.564182129547,42,9.282670405513187,15,1,3,3,1
46,134569.84013249076,685,14244.219829973126,48,16.326159456410373,16,1,3,3,0
68,79448.13927373453,562,26251.411696253548,26,13.433518150030467,18,1,3,3,0
52,97258.17416964442,565,28924.57495871917,46,11.366480129305819,8,1,3,2,1
41,93320.42138883975,638,19456.91744022813,32,15.479552983007924,16,1,3,4,0
44,73746.10522267128,629,36615.91073358505,27,17.426001305980577,19,1,3,3,0
47,83265.87153151588,401,30450.770323640398,33,17.3165147530543,22,1,3,4,1
47,101828.71965926312,601,20132.394847814812,29,12.209845074135265,22,1,3,3,0
49,52518.50296804462,751,32149.625524912153,30,17.386678865959365,15,1,3,3,1
58,80769.08677812916,441,21336.818878047474,45,14.32789248242864,12,1,3,3,1
48,86983.78128953982,514,32830.99396832861,31,21.48005671641786,10,1,3,4,0
45,71443.75917193266,762,36084.736996505315,32,9.573383259428166,11,1,3,3,1
54,103215.53051121358,415,23223.38203855514,30,18.974140948419368,22,1,3,4,1
41,150000.0,493,29442.299493177983,38,10.43308920504652,13,1,3,5,0
42,124418.3006444765,850,41275.80397795786,43,8.905659343359936,15,1,3,2,1
48,100842.78133910765,458,30117.254283312566,36,13.14434123200223,20,1,3,3,0
50,84476.20592795906,381,17467.840152634737,27,19.106108177844153,16,1,3,4,1
44,98540.71529439847,720,16542.772112634866,38,16.65296823957658,21,1,3,3,0
44,150000.0,649,31983.333065818642,26,17.54085961431064,13,1,3,3,0
39,59729.10458135188,633,16749.074830564557,39,15.731774991066764,27,1,3,4,1
55,53660.76242414738,774,27216.476386323473,26,21.83808031887664,22,1,3,3,0
52,66903.58613275908,480,8733.556405788075,37,24.016761950945327,19,1,3,5,1
32,58747.84437781028,850,21730.29806068108,34,19.128559473549647,19,1,3,2,0
57,73361.04000780494,574,21345.174390276185,20,12.285195644670932,32,1,3,4,0
56,78812.02860797574,708,31330.973969995717,34,14.808130732493973,14,1,3,3,0
41,127213.34064014771,692,27959.233079486687,32,18.870109141208964,18,1,3,4,0
41,79470.97402222114,661,28550.911558711567,30,11.987785435425678,28,1,3,4,1
40,116461.14830686008,704,27020.558334626738,26,14.701449726837685,16,1,3,5,0
58,108560.01944904572,559,19496.445108028132,38,17.729936892879305,20,1,3,4,1
53,58287.843875814215,531,22979.78099342041,35,15.610560846671737,20,0,0,4,1
57,77851.02205807705,610,16061.373697834115,34,11.336426170782092,24,1,3,2,1
50,61356.94844414583,668,29242.553799919133,32,11.7754339363978,24,1,3,1,1
41,76587.1979283804,649,20247.798119305182,29,9.167826461271316,24,1,3,5,0
59,92148.50207580974,557,16912.47447937645,36,15.810161518586419,17,1,3,4,1
39,96859.5026016897,483,20510.307277086213,36,18.56263507522605,40,1,3,5,1
53,90061.51490096729,393,19608.333535403624,38,14.68653244033419,20,1,3,4,1
44,72778.20128584058,525,24153.299585534212,39,10.33322495432649,12,1,3,1,0
36,101046.44959297414,512,32450.40761167453,41,4.580128694541859,17,1,3,3,1
41,55600.604346620355,586,8660.243852283711,43,15.918789899897753,15,1,3,3,0
60,111299.58757652373,603,27795.16047719512,26,17.162589863387332,18,1,3,3,0
34,83737.15951736792,532,26007.96021659795,41,15.003349222624028,23,1,3,4,0
46,56256.13686410664,719,18923.267238569188,43,12.127777570765975,22,1,3,4,1
58,117335.9061791101,584,26645.528994133154,35,11.1009099888294,14,1,3,5,0
53,95925.56531329504,728,28164.393047395086,27,11.4944470744499,25,1,3,4,0
46,123647.30258191518,485,27074.227717413953,34,3.968861427356416,18,1,3,4,0
44,116304.92341593154,552,25799.47081576904,41,12.606942038979337,18,1,3,3,0
52,61547.28929607095,563,26227.46748351032,32,21.57192874396483,19,0,3,5,1
50,83394.08529296242,745,26709.139255796345,35,12.433528838120134,16,0,3,2,1
42,64872.53132086405,578,20379.548400057152,36,17.22991020830977,13,1,3,3,0
46,97705.98023739309,721,28525.880102510713,24,17.05095564597993,22,1,3,4,0
51,109722.72389783122,600,25257.69687052554,26,15.868027850144657,14,1,3,3,1
58,68142.9274807933,678,37622.26794252023,31,12.418061226526795,18,1,3,4,1
30,78285.67953047488,468,20640.59187893293,43,20.676522753726662,22,1,3,3,1
45,98505.85464011946,627,17673.3864253851,32,16.160939845277454,18,1,3,5,1
42,91804.9456307837,538,23178.281528961703,33,14.753394434065621,14,0,3,3,0
49,81268.54217466235,629,32848.39878435593,42,14.105613801192515,27,1,3,4,1
34,123592.4462653467,584,33849.29525585368,25,17.83464001203079,15,1,3,3,0
61,88005.27743977807,632,32642.321829692857,24,17.522445022875733,15,1,3,4,0
53,111189.1686701288,665,30561.410702004443,33,13.810067918073269,5,1,3,3,1
35,90409.62461528262,680,6520.2187089089375,34,11.31552835741723,16,1,3,3,0
51,140393.6607105761,588,20621.954822983815,40,16.357274172168335,30,1,3,3,1
48,87845.97943053932,586,28454.63029776009,24,8.132026663958243,22,1,0,2,0
47,113554.65780972654,650,22929.48088148484,32,19.462187250985707,17,1,3,3,0
46,94150.11566672487,526,16649.80398492153,38,18.414873004343896,15,1,3,3,0
46,79802.41532625278,633,29887.53736524337,24,10.297474724926957,19,1,3,3,1
46,143538.5528714172,487,25898.183097067453,26,14.153112082355968,16,1,3,2,0
59,72242.89030445211,743,21809.471309914774,33,19.267204248376846,14,0,3,3,1
34,71035.63298407399,521,18456.864870152764,33,17.837545840864674,12,1,3,4,0
60,113947.39501613201,455,18385.05518889741,38,16.886430468581096,21,1,3,5,1
47,85261.70147738328,407,25849.12619589014,40,20.250289780393505,28,1,3,4,1
49,60703.38688063212,572,20414.08080717332,37,18.466180005350946,12,1,3,3,1
48,41850.87092714069,702,23061.660176541016,25,14.990405648267947,20,1,3,2,0
50,118999.68635451276,556,27771.56534214272,33,19.738104808154084,15,1,3,3,0
41,111026.19041606977,368,12920.17500183824,44,22.57857346429039,25,1,3,5,1
52,93783.84330492232,525,35889.678516567044,31,19.68409781144779,17,1,3,4,1
51,105712.29392529804,555,33952.34742587343,38,14.596203545677128,27,0,3,4,1
49,116694.32067401204,559,29536.233232192277,17,16.930232454827056,24,1,3,4,0
44,75249.82199551935,648,30166.280735286087,34,13.895824654055094,13,1,3,3,0
46,60579.15200451455,657,31524.6432592092,41,8.586727714397396,10,1,3,2,1
35,127692.74792296875,656,22492.210036325876,31,11.615299965490777,18,1,3,3,0
62,89365.59629794836,535,19565.174417071423,27,18.720833946284166,21,1,3,3,1
51,63052.963157995655,611,24181.425207967884,25,18.668719547688386,7,0,3,4,0
51,58655.024293855866,558,14164.223001748302,40,8.979311275385555,24,0,3,3,1
57,66191.33193955141,480,31088.94523843792,25,15.32821156753399,24,1,3,3,1
46,76199.57505280375,617,29818.682753736877,17,14.854279603991163,18,1,3,4,0
43,103267.38248833928,647,20485.544737417742,41,18.424403141595853,17,1,3,2,0
48,48825.24694089308,584,32491.561221401473,33,12.56662825718056,24,1,3,4,1
47,73217.14674252478,622,28456.46798540627,23,13.08912085398235,20,1,3,3,0
55,71297.44118213918,507,24794.911676764255,38,15.004305681756486,27,1,3,5,1
58,57950.45138322582,548,21990.52778442084,25,13.507951363113598,27,1,3,2,0
48,96076.19450340126,635,26341.509583128172,30,9.73748411608707,18,1,3,2,0
46,77755.79091492224,783,26583.700362578194,42,7.877212523608403,8,1,3,3,1
61,103181.35366384391,387,11587.645126141228,44,12.943707908717174,38,0,3,2,1
60,66176.35265293802,692,10042.078004585892,34,17.733377266814347,12,1,3,5,1
44,99677.27919847904,627,21782.040648548114,36,13.079930843305439,24,0,3,4,0
48,87079.8427587833,412,21045.787848862878,28,19.70354308378554,11,0,3,3,0
38,103768.7002267921,613,19069.610324729114,41,16.838460801088775,20,1,3,2,0
40,85610.47513222833,730,30931.828447604097,33,11.517467773314184,13,1,3,5,0
52,80617.08966766938,455,33834.40618815851,31,19.26147507770532,15,1,3,4,1
37,79145.63364472678,771,15887.259371991799,34,14.580223324836373,20,0,0,2,0
63,98190.9655529654,616,30037.73432558365,22,19.8193319751658,25,1,3,4,0
50,93509.25800836235,527,24180.83483148859,42,13.992514868047163,17,1,3,4,1
47,109880.35450289164,440,25304.57297748616,40,17.720030645204485,29,1,3,3,1
62,51972.49688696795,517,13494.650893185504,34,15.225264608924972,26,1,3,4,1
49,93939.1788316692,503,26306.945846753708,40,13.518063874411897,23,1,3,3,1
50,21116.12160186711,668,28880.918959181963,28,11.57654557152285,20,1,3,3,1
55,99368.45815581546,694,21447.30118605108,35,16.189070357718627,17,1,3,4,1
52,111885.4724589107,615,33647.53196147794,27,11.624655727553176,15,1,3,3,0
47,86485.07104642734,494,24045.32279231746,36,17.250654542940335,16,1,3,3,1
54,69125.0265649737,466,27509.431601239652,30,17.37179889121202,23,1,3,3,1
43,107541.97746220506,320,24196.29353790249,37,23.351055671444204,27,1,3,4,1
37,54918.13213186288,649,17878.01470678005,34,14.832450214949697,21,1,3,4,0
51,52652.03680468652,537,19553.22134661661,39,15.587934614510255,22,1,3,4,1
47,92940.83367545057,678,35284.62369786366,35,13.066366692563959,13,1,3,3,1
47,118875.32556775157,420,27193.635590669517,28,11.406519521167722,20,1,3,4,0
57,62957.92199250356,632,32965.276567726345,44,18.45688512613329,8,1,3,4,1
58,78600.89358405051,549,26998.711070226887,14,20.835156274359438,22,1,3,2,0
27,133860.95932717941,653,22136.829224812427,40,8.928198348343296,26,1,3,2,0
61,144867.95519010056,587,25720.76432747651,23,15.571467843449073,19,1,3,3,0
53,72841.47028266113,509,12466.195234579445,35,18.653479746481118,20,1,3,5,1
40,85036.05231199815,686,15533.621292470341,41,13.73197066805258,15,1,3,2,0
61,58970.52439111593,412,14557.593279717423,35,9.42634013547689,27,1,3,3,1
39,58430.74798223949,850,40069.46532267,38,6.346014196690761,19,1,3,2,1
34,73742.89383011816,580,20328.08746312778,28,13.295425625201416,17,1,3,4,0
40,105811.75895806646,712,20158.4539555413,38,14.88681336451163,17,1,3,2,0
41,50576.813941289656,702,8192.810049154417,40,12.878452034832266,15,1,3,3,0
47,46261.232030557214,660,36135.472932123244,20,16.234814836524546,25,1,3,3,1
39,58465.050127652125,540,30619.460435963,39,7.111631646915713,17,1,3,3,1
41,116558.19190268073,334,26389.27224512034,32,18.19438723084111,22,1,3,3,1
43,110340.4340204109,723,27188.50773852549,37,9.645188810724298,20,1,3,3,1
46,86077.28269327099,595,32264.65711265141,31,10.242227590602782,11,1,3,3,1
62,46912.05210419824,707,13431.479967341442,33,15.552945346075145,11,1,3,4,1
49,89305.0908322326,514,26093.87197977182,32,13.063826964282374,13,1,3,2,0
64,63726.44891572327,485,31688.707281372943,21,13.905994879178806,20,1,3,2,0
58,150000.0,818,24234.841961558326,37,15.573181631994968,14,1,3,3,0
42,113296.97868298867,762,21184.371923529532,39,17.58251901196893,19,1,3,2,0
41,48344.50706607929,850,42353.1210381515,36,18.154104716313398,7,1,3,4,1
45,79075.4871569716,590,22954.643033628563,37,15.812307201998378,21,1,3,5,0
46,45181.39971025957,575,16635.591098055196,40,14.831837320428754,10,1,3,3,0
43,58188.65716091778,695,37192.983769237835,43,8.886393001752026,1,1,3,2,1
54,74734.52667422524,679,35966.32226484761,20,17.381440120517237,20,1,3,5,0
47,88545.39181751516,618,32650.53753449022,27,11.693216718902812,11,0,3,3,1
30,53665.8940186313,660,14697.981060068281,33,17.65412273106694,13,1,0,2,0
50,85795.9891357742,521,19025.868697620102,35,18.16404053773536,22,1,3,4,1
56,97341.96769163733,526,21406.39443530792,48,15.12552853379984,19,1,3,5,1
48,96889.36166910516,627,26511.950865969113,34,9.53395273075524,18,1,3,3,0
39,86667.47647002098,702,28230.541428206925,34,19.171794838450083,21,1,3,3,0
50,96865.99344143056,594,27600.790725008632,38,7.630889532589811,15,1,3,1,1
52,73012.96170799548,575,14832.366934853895,36,21.763983126953978,14,0,3,4,0
46,63925.56881310244,560,18504.130941398627,33,17.213592511932323,22,1,3,5,1
42,89148.02797054788,502,28614.872094177084,34,17.84234266174309,27,1,3,4,1
53,96840.8299982341,542,21673.760850358074,32,16.188541574872826,15,1,3,3,0
50,68804.09441058972,480,15542.995856517515,39,21.090690049900658,16,1,3,3,1
46,66330.0367783038,458,27428.86107043256,33,10.020333110765767,22,1,3,4,1
54,96697.19469497624,426,34278.26343682751,40,22.00116882982379,16,1,3,3,0
43,122723.45413424067,582,31472.61301517781,39,10.2566464197576,9,1,3,4,1
52,127103.25005064195,692,26178.01545461944,31,17.444520186438172,11,1,3,4,0
32,60254.557061342224,811,9952.567487279626,26,18.491374384761603,16,1,1,2,0
50,82998.49614038595,576,33660.71364736701,40,15.792744920048014,9,1,3,3,1
41,78887.78637585122,816,36194.137158882295,32,7.803735337506373,11,1,3,2,1
61,55021.58019164746,671,25569.329975745968,18,18.421885352692044,22,1,3,3,0
50,105309.1016226018,510,36266.70213324298,33,12.583345450205492,14,1,3,4,0
53,64525.595555546664,516,7985.837003121861,44,16.537832367820666,25,1,3,4,1
50,103119.62681007985,613,29719.02976197129,31,16.913813128069982,20,1,3,3,0
52,78021.2049666846,607,21334.112669959643,44,19.11690215387075,21,1,3,2,0
51,39260.05377311515,732,31697.465781883177,31,12.846965740627668,17,1,3,3,1
59,56701.30736794637,773,24106.905651435558,33,16.73123366841468,12,1,3,2,1
55,76729.08404559508,572,25417.63219457162,33,17.364194231132785,21,1,3,4,1
52,70999.33631840178,564,24365.25175995204,34,10.41434781207307,25,1,3,3,1
43,80920.69727177237,559,11079.135376287077,34,15.360657530699527,15,0,3,3,0
48,109737.94705032436,678,31075.124134671696,24,9.704112230564363,26,1,3,3,0
39,52622.48406904754,357,25907.833160992042,34,19.132693073806227,25,1,3,4,1
59,85329.6724228267,491,22899.009043271082,40,17.68144709301707,21,1,3,4,1
54,71684.4208310475,514,16653.943134369994,31,9.554708003045302,16,0,3,1,1
52,67688.74803115707,518,30062.92191459671,27,19.31506296994428,27,1,3,4,1
50,95263.0879396119,508,19698.928206116165,37,19.94206563166015,22,0,3,4,1
53,79414.75928395968,638,15692.558448528609,46,11.215099878435794,31,1,3,5,1
33,71965.86786831607,711,10075.252453948797,37,14.29123737343222,17,1,0,2,0
46,127924.68708685848,513,14744.516463993437,34,14.411480097129857,20,0,3,4,0
46,72706.319484841,376,19817.809279916095,36,14.292867137024304,33,1,3,5,1
47,104964.59009190348,607,16146.621698998904,39,19.292166455284598,16,1,3,4,0
54,40289.64199223153,661,13303.312435536718,32,19.630469700292476,28,1,3,4,1
44,109182.23654912028,673,20090.09392686102,41,16.603111379246528,15,1,3,3,0
43,135830.1562545464,645,18079.984695271873,35,16.593689036071808,16,1,3,2,0
53,62672.84022357323,507,32801.36734803291,32,10.161890168750924,17,1,3,2,0
49,98132.49324838405,596,27407.577958515933,29,14.148411197852578,17,1,3,2,0
59,45270.059617410254,464,18368.747221742233,32,15.858914802799678,17,1,3,5,1
37,107919.5126251236,601,30461.7688702474,38,18.973901886017202,19,1,3,3,0
57,44690.293077036826,627,20802.832519073458,28,14.206410819812612,22,1,3,2,1
40,59635.23773722029,715,50000.0,38,9.062546098365303,12,1,3,4,1
40,126851.35010298168,592,14337.059197841285,42,11.86391618214987,28,0,3,3,0
44,106997.70532324123,680,23189.70781872568,27,10.789125022093202,22,1,3,3,0
62,74168.65115054416,488,32000.31944439589,24,16.29518548469836,22,1,3,2,0
42,87666.3005813967,565,21754.037650257495,43,18.106659001601,27,1,3,4,1
49,84026.03274405863,591,26319.158852664612,26,19.366808521050558,9,1,3,3,0
57,73521.15586817668,527,21589.409144077672,42,14.159176648140399,20,1,3,4,1
54,71213.08583987349,595,18002.210800646986,31,20.796565479375033,11,0,3,5,0
48,97235.06848838633,575,31284.872768051762,43,18.042805752794376,17,1,3,4,1
47,94116.295056876,669,29508.725927611296,48,10.73475068778074,17,1,3,3,1
53,68749.00674162134,660,13670.08195375721,38,12.79975525800566,15,1,3,5,1
35,110649.8774502305,672,24598.05171585806,33,14.54680117333402,12,1,3,3,0
46,150000.0,599,14606.074452391555,46,15.947076814953586,23,1,3,2,0
52,96947.14759270409,396,18476.74938406867,29,10.425909654206187,21,1,3,2,0
43,86269.904146625,715,15837.542811529513,44,17.925497136610662,18,1,3,3,0
38,123052.30605665046,703,25527.610298221538,31,22.163309022255024,20,1,3,4,0
43,92635.44397962154,633,19762.395053770033,34,17.404530518970063,16,1,3,2,0
63,59627.47627312175,486,28310.801411562697,25,11.260068032762767,21,1,3,4,0
40,85202.94793334964,691,16302.99318350639,29,16.526416017818754,17,1,3,3,0
48,53719.0996525599,463,24701.186194865088,48,9.347388975339445,21,1,3,3,1
49,96806.829292211,536,21173.19337983215,43,11.7988508107545,29,0,3,4,1
42,120780.32587264753,684,33606.71927320749,34,12.22702272457915,9,1,3,3,0
40,146222.82659777274,432,20599.133069744916,40,16.127336624674303,20,1,3,4,0
39,107539.88829301253,591,36950.64664484534,39,7.006807162951515,11,1,3,2,1
39,117033.01189959412,570,13761.624301786407,43,14.791993854925416,19,1,3,2,0
58,92501.58891586568,617,42407.26190416576,12,19.00464945594707,16,1,3,4,0
46,50605.25638125691,413,15477.58734630635,39,17.262581761021504,28,1,3,4,1
64,66996.72565426446,500,22607.980168998958,36,13.351632583031034,14,1,3,4,1
49,132633.0666111917,740,33298.71415497753,34,13.578046677740263,12,1,3,2,0
55,58289.28391509445,526,26972.132065664307,33,17.277639110539955,30,1,3,3,1
46,75109.32141775348,558,40866.00605851519,38,12.935436794034063,17,1,3,4,1
47,123731.66649425919,478,26347.542744452014,42,20.257494679923767,29,1,3,4,1
49,70111.0687800742,533,16067.60976651663,38,17.725592422433834,24,1,3,4,1
45,106965.88254312647,556,28128.156856018166,39,11.131683116256298,23,1,3,2,1
62,145204.44827712135,575,23416.779946923372,38,21.194025440120235,17,1,3,4,0
43,146919.7950307497,750,27727.15634567018,27,20.6121385709179,21,1,3,3,0
38,106770.22435604144,720,31323.26209776632,20,16.207963375955423,19,1,3,5,0
47,99669.56036533548,555,19297.070281911452,40,14.021566294745023,26,1,3,3,0
39,100355.66897165483,608,28993.817355706644,16,19.570032820427596,21,1,3,3,0
48,92658.6983273842,482,24945.51783624416,31,11.651973069985498,19,1,3,3,0
44,80638.29224821548,586,26704.67790273555,37,15.475033693519526,9,1,3,3,0
59,94282.78929214366,395,22972.56833172889,37,18.142142783672313,18,1,3,5,1
62,67408.98921219491,401,26351.393994847247,39,15.081591632992579,13,1,3,3,0
52,88959.3012558,698,23546.39047087964,38,19.582433001089743,23,0,3,4,1
56,113100.387705259,536,13914.39885478814,44,17.09827110996663,19,1,3,3,1
44,67278.15357286812,536,33792.03747081051,40,14.45994461828331,11,1,3,4,1
48,101945.6093306753,444,21444.254276595784,39,18.475255293328136,19,0,3,4,0
47,90353.423469621,689,30186.327324843172,42,14.408573612888336,11,1,3,5,1
41,51170.59081786058,778,44972.283476029166,40,12.787793999174593,21,1,3,3,1
51,121020.69826674853,500,30313.77816195644,34,8.975435717470477,16,1,3,3,0
53,85008.37705342675,454,33710.014277660026,34,12.20791670157833,29,1,3,2,1
53,112022.4849279738,532,22158.57127214659,37,11.489652402989865,9,1,3,3,1
52,68204.54602984976,613,25826.30380217619,37,11.837410614017076,25,1,3,4,1
39,106166.0805661271,542,19396.88362883326,37,16.389319110053638,25,1,3,4,0
39,110931.66311624242,427,28565.96604073591,35,11.006687668328984,20,1,3,4,0
58,130562.21651847626,489,25984.157830080847,34,8.374637886353764,15,1,3,4,0
41,87258.17103850836,646,27459.098215318874,35,14.282136982376938,19,1,3,5,1
45,98835.34922694131,662,30462.98408776914,33,14.0755526791865,9,1,3,4,0
52,51469.70568729914,521,17626.753323789326,32,18.410780112713116,22,1,3,4,1
42,46603.707747227425,522,20212.421856164732,32,15.619344351632472,25,1,3,4,1
43,87288.39287503531,451,23373.97940113019,31,18.924483524034247,19,1,3,3,1
39,150000.0,577,30608.260621920574,38,16.93878453516856,24,1,3,4,0
54,89597.14764562588,307,20781.79521757476,39,14.173985830109649,17,1,3,5,1
49,100618.73158106409,419,12179.423102619394,38,19.62817458481383,24,1,3,4,1
46,62783.81640467074,627,26473.495453738244,25,11.25759603262921,23,1,3,2,1
47,150000.0,593,22478.932529925594,37,20.134948221552765,16,1,3,3,0
53,50471.08066221056,812,25044.625264824528,31,16.11749857643419,22,1,3,3,1
64,107276.34828235347,553,24400.5589683259,32,13.311530020708831,17,1,3,4,0
45,104968.5073918347,527,29179.115101104708,41,16.320767790856053,11,1,3,4,0
55,82095.38180122079,530,34232.43583879947,21,12.703415750724567,20,1,3,3,0
50,65307.215706353236,733,27467.14247901303,41,13.130123188768486,19,1,3,4,1
37,99959.04179637285,657,12559.228132896134,47,12.695965376038865,25,0,3,4,0
45,150000.0,622,26792.30571605206,44,19.120440522158525,33,1,3,4,0
56,91543.98400161383,633,28595.57733755769,18,12.481887619824468,21,1,3,2,0
55,77261.24233473948,601,37448.55009574327,16,17.199425942175615,23,1,3,2,0
46,136388.63461261618,540,39237.117928566535,34,16.676338104310442,22,1,0,4,1
56,77309.36256769048,630,12447.631637437615,44,15.19519734995288,34,1,3,4,1
39,69934.86623009059,750,43828.46328847042,41,9.748591042551748,17,1,3,3,1
50,106808.77230434617,685,22106.19731005691,44,13.850385795465092,23,0,3,4,1
37,92255.4014576439,695,13499.486152041014,31,17.034145643853325,23,1,3,3,0
54,120736.972018188,601,24365.192843625788,29,8.947537488261702,21,1,3,2,0
54,59092.223696115616,718,28364.302593389802,12,17.793112391380564,23,1,3,3,0
56,117972.95022306987,360,8856.829150290641,43,19.96151727460765,22,1,3,5,1
41,107186.96987705374,543,26353.831575076692,30,10.422116802311912,16,1,3,0,0
50,93818.96617494007,616,19594.489042652818,39,15.891996309526771,14,0,3,4,0
42,74340.68599436729,542,35708.92368268019,18,8.906378633151922,23,1,3,4,0
57,59450.56786841215,415,19770.008506864073,39,19.503147702911313,15,1,3,5,1
30,110939.52281457566,592,20606.385965970265,31,14.284112610099266,21,1,3,3,0
48,64027.48606033719,640,22147.290598307507,34,14.335083980618714,19,1,3,5,1
52,69790.26606962392,482,22658.137136148922,43,10.2888175667308,18,1,3,4,1
45,99000.70156996071,518,28199.87315314577,28,12.475755719957913,10,1,3,2,0
55,68465.63795215765,569,16828.067846332688,44,15.547581727683188,20,1,3,5,1
58,117864.37442328905,640,25757.894168030267,21,13.369864508814295,24,1,3,4,0
48,95305.37431341069,668,25253.397431585887,34,12.83225297869687,15,1,3,4,0
55,48538.699223162155,687,22942.546554475783,28,19.50437968783827,21,1,3,3,0
53,83321.82062239222,302,18513.3130920469,36,19.34672869203231,26,1,3,4,1
42,63849.40590742378,662,22533.41927310909,31,12.02237543728478,30,1,3,3,1
59,38887.61933491613,572,28116.216436505965,28,21.72794412315213,12,1,3,4,1
37,74047.37793752855,506,21862.406678648025,34,18.58329417112963,22,1,3,3,1
35,99609.29095667524,670,25198.02358767905,23,20.884954190975208,14,1,3,2,0
49,117670.7957401325,702,34235.92794157104,39,6.40996299737573,13,1,3,4,0
44,115810.79318729813,708,24691.528527874172,21,23.778445620332036,12,1,3,4,0
50,110443.24045574962,606,26572.38266926737,38,14.868268736998036,23,1,3,4,1
48,78335.69366840988,607,31506.24613345491,23,11.116624544099878,24,1,3,5,0
54,92146.51609477191,545,21333.65697622922,36,17.522573400944328,18,1,3,4,0
63,116343.3147272419,623,28079.71349535501,16,18.181753679395754,26,1,3,5,0
48,116377.17014609966,638,22479.719531836796,37,17.995346871604223,19,1,3,3,0
54,99350.18764031735,466,22192.019338403694,31,7.455905929435567,19,1,3,3,1
39,89838.12793609177,765,29887.787652661922,37,17.051870335939768,14,1,3,2,0
52,75589.65767339371,606,28388.763068275253,34,16.131692078766505,30,1,3,3,1
47,56947.855074081155,485,18800.969777036185,30,25.0,17,1,3,3,1
53,81332.67548053218,653,27221.95928184416,37,14.033297897404921,12,1,3,1,1
51,85227.76485462411,565,27887.81146704607,22,15.811575361429814,16,1,3,3,0
43,104591.84025963294,507,31180.402276573357,39,11.217040953839136,16,1,3,3,1
46,66343.2128283659,545,23123.027739291778,38,12.648015507977894,22,1,3,4,1
46,76473.26363223564,703,28844.35135420922,42,13.027616825920173,18,1,3,4,1
61,72136.28627837,617,28424.54190123031,18,14.721577930262132,22,1,3,4,0
63,53714.63671580278,446,27589.408822092897,17,17.71527604497272,26,1,3,4,0
48,105309.7661673616,543,30038.50300949675,31,10.214534807437094,18,1,3,2,1
41,64060.165654819655,850,35060.391102391426,39,14.039767244038813,8,1,3,4,0
50,112603.64979803257,529,21716.360631491334,41,17.081641927749644,25,1,3,4,1
56,146408.26519953203,465,23941.958290001352,32,17.37822415249721,20,1,3,3,1
53,45854.786222736,592,31358.31293977007,24,16.130920659433777,16,1,3,2,0
45,66594.76841409392,722,30261.93909801214,28,8.977655184953294,23,1,3,3,1
53,75850.83169672695,387,22596.313085250487,38,18.260223059953308,20,1,0,3,1
37,78758.56788884773,795,25781.759245503294,34,17.985377150294482,16,1,3,3,0
48,97793.76506189456,654,31007.037563905837,29,16.634654538452917,6,1,3,3,0
39,73137.68935037022,661,20009.117020724138,41,15.420517591427284,22,1,3,3,0
50,73673.48881889092,639,16183.251386876016,31,14.360811087453035,28,1,3,4,1
46,76027.53375158974,679,32159.1742424277,33,9.632401181272044,19,1,3,2,1
53,133558.76233583497,433,23333.909333309774,45,12.676410342808554,14,1,3,3,1
42,82534.78883919943,605,11635.85671862671,38,11.659155445281964,19,1,3,2,0
52,76242.28631328247,519,19727.74525185544,31,18.268307563529596,16,1,3,4,0
42,123108.07216125388,554,30401.518235341937,37,12.85557255465715,10,1,3,4,0
49,94309.3888762669,544,25860.285835018734,40,16.483810756992344,24,1,3,5,1
61,64251.91355356188,570,19762.418162444985,31,20.759487615455797,17,0,3,3,1
52,60989.44925871363,793,41110.289051809596,22,18.630219023491367,3,1,1,5,1
45,128222.66733794706,634,32891.185123985946,26,18.726391519428315,14,1,3,5,0
50,71862.53966921153,583,17728.160843582857,36,10.708037806882883,29,1,3,2,1
60,76201.12822812858,533,25457.955261206364,39,15.384517177673223,16,0,0,3,1
50,90684.28165335215,603,24495.92655587284,31,14.753480597857672,20,1,3,2,0
48,78490.70188033431,444,18664.683532023686,45,12.766910950443547,17,1,3,5,0
48,103135.18555241167,449,19685.764136745634,40,19.282873934842883,27,1,3,4,1
46,57316.06463244367,636,31043.998829165776,36,10.868371436924619,32,1,3,4,1
43,67801.40547037037,631,33892.82237491228,34,11.295399940146426,16,1,3,4,1
50,119173.78021836773,593,21276.746065536652,28,20.912077396690815,19,1,3,3,0
25,95297.90156002085,850,18167.12490741405,46,13.128368567675198,23,1,3,3,0
53,128442.81201455835,340,26323.1022246652,41,10.940405346859619,15,1,3,2,1
50,49929.78279403485,545,27161.965396307365,39,12.485290402722594,16,1,3,3,1
60,103675.62430316012,468,24829.787864774753,33,20.00044924006019,25,1,3,4,1
46,84640.48483014677,471,30535.160905618963,41,13.858033549925572,20,1,3,4,1
38,74123.89520988798,774,35286.03928222317,34,9.938392339535854,17,1,3,3,0
50,73562.70201898659,625,35783.67930554002,38,18.1784445427016,7,1,3,4,1
58,60576.00829614653,544,12250.580630238268,44,12.666815584389717,30,1,3,5,1
44,43269.52237678072,833,26855.026063184847,34,8.874955106648594,20,1,3,3,1
56,64090.63978418944,585,29343.931028257393,37,13.837551989206199,24,1,3,4,1
51,109457.28723259048,612,33446.42588854257,41,17.556690800113213,26,1,3,4,1
58,70685.55734607711,534,27634.010675506615,36,15.95205109364136,17,1,3,3,1
47,90479.0505158531,671,19730.689513274967,32,19.938988770934177,19,1,3,4,1
56,43327.97031456527,378,25896.689460590078,38,16.9973712537792,23,1,3,4,1
47,146486.25469404284,472,26774.540896918494,33,14.642059455088159,12,1,3,2,0
38,106916.25272338728,734,19084.682620132564,35,14.913056720642219,17,1,3,4,0
48,97780.56154362691,528,30294.14517027693,38,11.329377147839402,25,1,3,4,1
41,60929.861680941394,404,19237.20840957724,33,19.73495806688392,27,1,3,5,1
43,135906.13779389908,783,12737.26864344076,46,14.417411032820212,22,1,3,2,0
45,80264.34328910531,639,28206.352297153473,33,15.234494073575952,20,1,3,3,0
68,83160.71998684037,525,10150.648990815806,25,23.435600898657444,21,1,3,3,1
35,130292.96897426699,694,32822.273025893526,32,25.0,32,1,3,4,0
35,129283.75937197433,653,27929.135416304674,43,11.453554226701069,12,1,3,3,0
43,88267.12856501425,615,17251.966118336455,43,12.827786834504275,20,1,3,4,0
41,62860.61652746517,504,19343.32878146648,31,18.360073793304924,28,1,3,3,1
32,105192.67506851419,850,13651.693801805752,32,19.836323289447332,23,1,3,2,0
56,49674.27538211285,552,24325.81613989209,22,11.817163854795973,30,1,3,3,0
43,39861.12556179094,734,35965.6579652502,32,6.542243258158395,10,1,3,2,1
55,125278.32944706666,489,27100.037520700953,37,12.908429902100014,17,1,3,5,1
46,87249.53882042563,535,25218.473138384874,44,11.066533839910035,22,1,3,5,1
56,90887.55146558904,700,27571.604254395577,29,14.574065704759699,12,1,3,2,0
50,91165.79756385386,606,19287.51562176747,39,17.942126101221312,23,1,3,4,1
57,126630.51572109615,542,32229.699132757738,39,24.26457248499645,18,1,3,3,0
40,117444.84013504164,670,20790.154468515975,43,15.80415792628039,25,0,3,3,0
49,57941.032165079996,616,13592.405506426314,34,16.372210990607577,17,1,3,3,1
55,34469.212481653296,651,27006.438279362636,30,17.693391179455638,16,1,3,3,1
38,55725.576004269926,565,35325.38401767376,46,7.191152929555847,19,1,3,4,1
46,98374.29582497755,507,30026.2889511047,42,10.966531868040295,15,1,3,3,1
50,59824.522839678844,483,15987.248614803677,42,15.988734747044893,19,0,3,4,0
51,56648.40066447198,683,24411.69060457724,36,12.221481449176098,35,1,3,3,1
37,77631.52799923648,558,15770.670460503592,29,18.8740571666863,21,1,3,3,0
36,77358.2910923926,573,17145.543001597624,35,16.006721926734883,18,1,3,4,0
51,93208.6799903545,468,23989.010991008923,31,15.928404814635599,24,1,3,5,1
36,79669.18815364785,522,27802.672350334655,35,15.662443755603228,19,1,3,5,1
46,96612.37808000894,732,23466.33219117315,41,8.199654533855968,25,0,3,2,1
53,55115.04834378774,581,29056.458856286165,39,11.1307060399245,7,1,3,3,1
45,72732.65269495895,658,15528.93580363573,39,19.626605361825735,15,1,3,3,0
43,91810.87360642136,748,31212.571285976308,36,16.94396522372347,11,1,3,2,0
56,86435.49975373436,646,33526.46798866241,17,14.067392696413101,25,1,3,4,0
32,103920.60906125537,552,9113.171391490736,44,8.529324968699024,27,1,3,2,1
46,97191.1862661164,585,25637.752835987576,35,13.745758031057163,11,1,3,2,0
41,141675.9443689482,650,29978.316438391274,36,12.754521191711355,24,1,3,3,0
37,90694.30133250891,611,26694.778846238598,29,10.089341662480239,16,1,3,3,0
35,95866.32337933617,748,13583.994787372516,41,20.40690479553999,19,1,3,3,0
44,66232.33743680723,710,36052.776019308454,27,12.440261121941578,31,1,3,4,1
53,62986.98837055589,369,30922.464548766347,31,17.63541549028422,26,1,3,4,1
42,52454.16154921045,615,14529.55541666282,38,17.175719221713205,19,1,3,4,0
45,93727.26516036496,525,25864.42233718225,30,16.812057966761795,12,1,3,2,0
53,84773.00853275642,507,29133.09258092393,44,18.18465105130351,12,1,0,5,1
42,53576.862981403036,737,37082.80987663156,40,10.416599565663331,9,1,3,4,1
52,133186.1952794739,528,29178.01364802481,14,8.579874462300179,26,1,3,3,0
40,146319.81693564748,633,25174.720660190018,33,19.15424250371015,8,1,3,4,0
46,76035.94397232143,586,20968.770714404185,39,18.17067426708144,20,1,3,5,0
42,65862.61787308949,407,24422.789401300408,36,16.753711535840342,29,1,3,5,1
51,101553.87357886671,694,40218.77405237062,43,15.774067976656852,19,1,3,4,1
44,106848.45070803401,757,30819.25134091967,29,19.40409238691071,16,1,3,3,0
50,105582.0181324604,593,13072.042173596215,41,14.452057746734187,19,1,3,3,0
57,111455.7562849159,492,12362.49018302606,42,15.871511275503071,30,1,3,4,1
44,68354.08319295319,554,9581.597041849182,38,20.446997738880615,15,0,3,3,0
47,92202.66830936389,609,31962.888089448956,38,12.593069185381227,20,1,3,4,1
53,65126.595796177695,485,28576.5539356901,24,16.147647970639614,21,1,3,5,0
43,40338.79779827504,850,31344.426026965764,38,11.380882840946871,19,1,3,4,1
49,147902.56220935006,672,28961.115861633036,38,15.323836198657048,12,1,3,3,0
50,74679.23208394779,537,24683.542491133252,42,13.172410360874029,23,1,3,4,1
44,81052.52747448116,692,25590.000281054443,32,12.656724026711679,29,1,3,5,1
41,144088.45664161994,587,24387.201790105293,30,15.223426980743575,14,1,3,2,0
44,64795.183221134575,717,26186.91937265077,32,10.517776299429004,22,1,3,3,1
39,81427.84969890326,636,10311.476502520592,39,12.524121814517901,19,1,3,3,0
40,71655.09435126117,729,30771.68975488207,27,9.07238690325489,12,1,3,3,1
54,36471.83648248596,419,12185.551753114987,36,13.668470470349106,19,1,3,4,1
34,71435.05698609343,579,25173.340378152097,40,8.631725041477331,19,1,3,2,0
46,80190.59598173667,475,20693.156893079115,28,8.952045833261804,22,1,3,3,0
56,92343.15287817456,574,18892.7312883228,48,12.542845821011253,16,1,3,4,1
44,49928.567209102264,569,40050.892856208826,42,9.531623843120563,10,1,3,3,1
43,84415.23499779076,519,23024.891591152787,43,13.975268666454607,12,1,3,3,0
49,129449.82481887094,602,36352.593650665,45,9.915140538245359,9,1,3,4,0
54,73623.72520764884,572,21677.668056006576,25,14.375072252370686,22,1,3,3,0
60,83662.66821621225,514,16094.585627361359,37,10.615225667420427,17,1,3,4,1
37,89512.24083923729,677,16393.171806040544,33,15.108486153287306,19,1,3,4,0
40,123278.29220281087,705,29814.002920789204,33,9.56720572701537,26,1,3,5,0
59,82865.67702078102,516,31022.546055420626,27,13.60119794838998,18,1,3,3,0
56,71277.79870131343,625,13503.622201585255,43,10.761128529302013,26,1,3,5,1
53,73206.58743343981,482,17726.773006072657,29,17.959796265194033,15,0,3,4,1
54,53477.741694869546,746,27119.82490717139,20,17.553478445212363,14,1,3,2,1
54,33496.209683509034,687,38891.81697169787,25,22.137508364902374,9,1,3,3,1
68,96825.76398193414,498,37586.45768227558,29,17.920050637017876,14,1,3,4,0
32,104103.64872096875,664,23684.392966178566,42,15.844079368986495,19,1,3,3,0
48,113670.01300010874,680,33969.164792604606,33,13.162926149116581,13,1,3,5,0
45,70977.61989869687,500,15177.170112959217,47,16.188217497713108,23,1,3,3,1
39,70378.16102968782,643,16510.83187153065,49,14.385830924258993,18,1,3,3,0
28,123290.87698416357,628,26553.585995845453,37,3.5610361317480237,19,1,3,4,0
53,85689.02997398435,507,29252.92229125653,22,14.577756602867055,22,1,3,5,0
59,104780.23881918716,477,23046.558817631787,25,12.625169201994321,15,1,3,2,0
52,112226.10173864495,757,32016.34290733326,43,6.794413369692716,8,1,3,3,0
45,96083.45346223906,606,30524.222484297887,36,7.3593810672984326,18,1,3,3,0
50,93442.51478269673,710,23740.35625611643,36,12.926251324696686,28,1,3,4,1
45,105044.48259626701,663,36248.806567642045,36,8.26225282370654,12,1,3,3,1
53,57412.77514438892,538,31290.082978786697,33,11.685014600484905,16,1,3,4,1
50,50397.47681913247,481,23381.959100225744,35,12.43671860688982,23,1,3,4,1
62,54962.193913735566,341,29201.11858002858,14,10.623096763218307,27,1,3,3,0
39,127371.37724995775,611,17783.500757015823,35,17.919983576425658,17,1,3,3,0
58,105906.10266911631,705,33013.130024188955,33,11.843818058972676,15,1,3,5,0
46,78926.36879686912,678,27723.96754547281,46,11.864681307827883,19,1,3,3,1
44,147999.582774431,576,19475.68393429789,29,24.035967737549644,20,1,3,4,0
47,80951.28865103937,498,25712.038640268507,34,17.338854312756887,24,1,3,3,1
46,90631.19887207179,415,23944.076822935054,34,17.304313119311693,25,1,3,3,1
27,95880.05656314941,634,22802.444778603716,39,13.2982328806832,17,1,3,4,0
51,124323.57120781319,754,28087.361969459147,28,12.515617004810757,24,1,3,2,0
49,84171.53359044805,673,30571.812641914934,36,12.679644903975243,7,1,3,2,1
50,137267.80782004065,576,34635.752711551286,23,15.941917194412948,18,1,3,5,0
50,32143.11330653654,514,16938.81042115454,34,14.530769777401343,20,1,3,4,1
38,69131.74951769233,371,29516.84263322641,35,12.94070941537819,18,1,3,3,0
48,109130.87646197928,574,18366.09149012233,39,16.729401159037792,14,0,3,4,0
59,76377.2648160154,576,21400.69554539927,38,14.043681272578482,19,1,3,4,1
51,113814.24449054406,472,23490.19723332147,35,12.220824156730755,25,1,3,4,1
56,68268.68836709978,388,3141.1142328202486,46,19.898676024232753,18,1,3,4,1
32,100215.3799561478,748,16644.09439887856,39,21.161286054375225,20,1,3,2,0
47,129435.09828097821,517,26961.438699398674,28,10.207491685221354,17,1,3,2,0
50,70841.90156880557,684,25342.3387236245,34,7.875674192447965,23,1,3,3,0
45,40837.42461615017,597,38398.15961260585,32,13.372118791842471,23,1,3,4,1
40,150000.0,544,32564.741757531185,39,11.279017908127098,10,1,3,4,0
46,118267.23291270739,417,23948.10159112224,32,12.372365555490667,20,0,3,4,0
34,73237.07815973663,639,19786.178347803332,36,12.807668149473901,20,1,3,3,0
53,92667.80501983844,605,29079.390798879907,44,5.632400050484226,19,1,3,3,0
54,82247.22373999546,685,34471.34631572645,23,12.112885410243473,19,1,3,3,0
33,65516.408489238725,802,43980.64206586641,35,7.312848844020143,1,1,3,1,1
40,101452.38204283241,624,14333.432115202664,47,9.520264718105162,19,1,3,3,0
44,70077.42017445037,628,31380.05277743006,35,13.526040154644589,19,1,3,4,0
43,73043.49078752325,686,21978.392112712947,38,15.53287308787416,16,1,3,3,0
45,90110.39928538233,547,22085.421829735293,32,14.454611799182299,14,1,3,4,0
48,75716.73382215432,600,26381.537630752922,15,12.654134067429142,29,1,3,5,0
43,91696.49674131024,466,37269.45175801833,29,17.3411851873086,23,1,3,3,1
46,76543.36442476555,383,19904.068473168194,38,22.97418876810933,20,1,3,3,1
43,140032.57222581882,480,29780.657805022132,51,10.64941327381656,27,1,3,4,0
47,86633.18141252837,535,34482.140265311216,31,11.656916351108663,16,1,3,2,1
59,63425.669372644275,640,1079.5624488747096,45,15.309950482482478,15,1,3,4,1
52,73647.13476319842,451,3748.8741814456607,41,19.623885944888723,22,1,3,5,1
40,71887.75195151173,521,23760.266211228838,42,14.475347871454558,19,1,3,3,0
59,126864.47605730225,367,12449.516389246019,46,11.61182711035964,14,1,3,2,1
40,103595.36386243041,721,22482.226656047125,37,21.92602523800517,20,1,3,3,0
46,106503.84704415005,523,29739.530081983812,47,10.364269355897637,15,1,3,3,1
53,102911.74125935824,574,22790.434199679326,19,20.726132630801608,14,1,3,2,0
44,114777.96593529044,461,18027.40458626417,39,17.37370411880493,22,1,3,5,1
39,74336.92834737894,561,22263.9197841892,38,14.469168714268,17,1,3,3,0
50,66674.12185857925,462,37727.01982935481,37,11.580319495603844,23,0,1,3,1
47,81017.44358694712,532,28867.893766357207,18,17.34514397613459,13,1,3,4,0
52,90563.26635046354,727,27750.749563604317,38,15.019885469302269,18,1,3,4,0
46,111935.6147444843,489,24692.262183003226,36,16.469881329138143,19,1,3,4,0
46,74348.19014689348,438,26915.143195902074,26,18.524612893992554,24,1,3,3,1
43,150000.0,710,22363.033476458077,36,15.916529636683887,20,1,3,4,0
41,72095.44479838581,426,24341.92967932908,41,14.87577077501757,40,1,3,4,1
47,44449.445865354,596,20433.921785983024,31,16.523518538871834,22,1,3,4,1
40,132057.7484877563,640,29590.539467268834,55,7.699615611019831,8,1,3,2,1
43,93310.79847150002,464,31579.716582019355,36,18.20944789674528,26,1,3,3,1
51,80407.25665360849,631,34843.5274883518,28,12.161013955475125,10,1,3,2,1
43,72459.27517315692,667,40091.986326303806,35,12.75949365192484,9,1,3,4,1
47,78170.9331310204,639,29131.230880749048,34,14.070740337012237,14,1,3,3,0
46,144698.38373401688,554,23909.655995144913,37,16.447804244833996,15,1,3,4,0
45,128478.7774290763,498,24828.553961747777,33,21.65359286179155,13,1,3,2,0
60,89845.82305861417,529,24785.19894050787,36,18.886802834202037,16,0,3,4,0
44,49221.141120163535,626,33825.36387677608,36,11.53149482150187,14,1,3,3,1
52,99926.65025082756,518,27738.704476972904,44,11.589995105229614,15,1,3,3,1
56,107464.82640503175,584,14029.968306988998,45,21.910532569821992,19,1,3,3,1
51,115249.18612795453,419,22171.240843744996,34,10.59835774092197,22,1,3,5,0
51,104694.849317583,460,20505.89145266229,36,21.233900471166656,26,1,3,4,1
39,106976.79515503086,484,26129.13427181352,33,5.949181727614874,22,1,3,2,0
49,53774.44945796038,643,17275.251429192213,39,14.408215377192837,30,1,3,4,1
35,89993.31529091447,722,23761.597433615243,30,13.606834503182025,14,1,3,4,0
56,77440.96888078818,638,26080.546679345047,25,12.322548268054177,22,1,3,3,0
55,84644.65755558183,697,27380.91943298464,31,7.880865165069143,23,1,3,4,0
44,94170.66708415172,722,29170.611341331813,35,13.438214373626069,16,1,3,4,1
40,83577.57140801234,560,25331.797007376732,23,14.965632930878654,17,1,3,2,0
56,97130.94973423885,458,28713.6704857724,32,17.367299943305404,19,1,3,3,1
49,114260.8492747621,561,26671.695473997195,27,10.800752601082593,21,1,3,3,0
50,118741.51031149473,528,26248.858019832627,27,8.524772873073722,14,1,3,3,1
48,123736.4508661573,663,27943.42451942307,47,16.744682196720447,10,1,3,5,1
53,46808.989319959626,850,22794.920781754412,24,16.349127891120588,20,1,3,2,1
49,80152.35530199458,465,23245.37153314804,36,15.123236284799198,13,1,3,3,0
41,104044.43959881505,429,27946.134780087286,34,15.396684860515824,25,1,3,4,1
50,101564.60057324149,449,15712.036864224303,38,14.256672362959687,19,0,3,5,0
40,118943.58960543237,633,12574.045588625608,60,14.254771371623539,20,1,3,2,0
66,48507.53506730696,571,30760.00889663558,18,12.314693609133618,24,1,3,3,0
51,105246.72652876472,560,31814.01614008491,33,12.735184677098244,16,1,3,4,0
45,84866.8893332905,587,12916.569406876852,39,13.85053373924273,23,1,3,4,1
55,121382.98138521596,572,17067.914754024605,44,13.545527863194948,17,1,3,4,1
50,130257.37288664488,553,26518.858928725112,35,14.091959767824058,22,0,3,2,1
51,107804.99716757388,570,25934.974189367003,34,16.660444216541478,15,1,3,2,1
39,132775.38618732794,582,30135.922351653517,30,13.00246301937447,14,1,3,4,0
52,47039.182144464496,594,15768.164117043629,34,13.701658645294511,16,1,3,5,1
54,64811.934611877776,584,29976.96818294244,25,15.758997737293988,14,1,3,3,1
39,100209.60678166033,552,38859.215761436964,29,20.024720346615982,17,1,3,3,0
44,82301.83692880171,483,23098.96922231992,34,17.70181378835034,22,1,3,5,1
54,91712.98370226123,772,42493.66088264692,26,15.742416954196205,15,1,3,5,0
52,65783.12321094492,593,23417.70135119504,33,14.81831517378946,20,1,3,3,1
54,71543.6086085605,605,19474.315261009928,40,15.471586849117264,31,0,3,4,1
56,105538.90605333581,570,26244.684615210266,23,13.389821364552715,19,1,3,4,0
58,43807.08584549091,594,12664.143050024217,37,17.50001401531471,16,1,3,5,1
46,105648.8202084613,689,21827.315102044526,23,24.646404855349257,13,0,3,4,0
41,110596.57857751161,716,10971.553772307008,36,14.553454455402292,17,1,3,2,0
46,116203.64242046697,550,23578.219762826036,32,13.7888486297649,14,1,3,3,0
53,102219.75613030788,475,36247.36185419608,37,12.3068514287166,34,1,1,4,1
60,42408.24207193434,455,20344.073350276136,31,14.790751935633468,13,1,3,4,1
51,96787.3912280882,482,11996.03899509147,40,9.258897237419157,29,0,3,3,1
41,113598.0213030279,553,14786.115637168212,31,15.673640857138778,19,0,3,3,0
32,130374.39349022566,716,21551.75968136239,28,15.840758914879128,15,1,3,3,0
44,82330.42749566233,573,19878.51195499264,41,14.177319332905729,30,1,3,4,1
54,97450.04713341047,639,22082.89978105385,33,17.85235127351242,21,1,3,4,1
41,82420.74647776468,625,24346.654938768334,26,15.08836519928564,24,1,3,5,0
43,150000.0,661,26135.769866298186,47,11.864739191479185,20,0,3,4,1
41,118178.09774467743,515,33182.58739080092,27,14.829398011048783,9,1,3,4,0
69,82956.0094125242,547,22872.971995678694,36,13.701132546354556,17,1,3,5,1
64,61503.92662130798,588,22937.110850883622,31,15.660946584953336,23,0,3,3,1
43,82419.24232623169,466,25698.549666776024,39,17.219303581751497,17,1,3,4,0
44,68149.81933877456,619,34914.37822036559,37,11.022715434035257,11,1,3,2,1
46,85392.14943986827,486,16554.054980776164,40,19.06121861501724,34,1,3,5,1
47,94666.8982947641,491,13528.71491429019,28,21.123379085111647,16,1,3,2,0
52,78980.6229683456,791,35256.81705320187,30,13.071017377596426,18,1,3,3,0
44,116859.86420924615,531,25163.032249215023,30,18.018458619428365,18,1,3,4,0
44,90908.05941220051,623,30017.66929469368,36,8.185811419179492,29,0,3,3,1
42,150000.0,663,29462.842526050943,36,10.587421204885645,10,1,3,3,0
48,84416.91304870007,475,28129.43343038523,28,14.127681563111112,15,1,3,3,0
48,83877.0840356402,395,19941.439936482733,36,18.917521807888285,18,1,3,4,1
31,121230.83709543463,737,6494.593749706207,45,14.276906975236349,25,1,3,1,0
32,150000.0,747,23034.199302248755,47,12.688828614056494,22,1,3,3,0
36,96314.37351284604,842,22240.453355217356,30,20.72250067714599,17,1,3,2,0
48,66787.36814355216,432,33022.151634132664,38,18.71763021191419,14,1,3,4,0
60,101675.38714371367,540,20945.685141456495,39,14.135197527901498,21,1,3,4,1
55,44733.053479025286,615,14729.816711952506,42,14.98581359307544,29,0,3,5,1
55,62027.73505787903,500,18132.153775024308,36,13.09534147698982,20,0,3,3,1
38,88162.5593812669,782,22382.397914736797,35,14.117279101876475,16,1,3,3,0
60,51383.81254236111,491,14555.371537289804,37,18.28211547605005,23,0,1,4,1
48,77160.19438595352,524,14409.6130932623,42,20.225146215443644,20,1,3,4,1
51,98991.3066192806,715,17995.593575500126,26,17.384343616048145,16,1,3,3,0
47,47704.78934543291,658,21257.97104508133,32,13.028648856534824,30,1,3,5,1
53,103274.91999725196,680,27111.34742010398,26,15.736708460014778,12,1,3,3,0
47,92071.3871517553,605,32002.68520519178,34,10.061540933478701,16,1,3,4,0
56,69350.76243001258,592,12177.322595844056,42,14.73877608374803,23,1,3,4,1
55,84338.9999942453,494,28119.192074914794,31,17.075143911037483,16,1,3,3,1
48,79656.74247613769,562,26958.99208607454,44,11.418385319504162,12,1,3,3,1
48,99676.2673849222,599,25486.28460004855,48,9.556205524583746,11,1,3,2,1
57,32839.56306353203,473,18154.007463889608,30,20.6377047479323,20,1,3,4,1
41,46053.91294188066,452,32065.410956099437,31,16.945431301533294,22,1,3,5,1
57,101159.35176193524,497,20794.20450499275,27,20.276445105336656,8,1,3,3,0
44,97923.95804105423,682,32422.69939445882,40,10.87674298897698,15,1,3,4,1
55,55361.022361702315,682,23620.013704647976,35,14.442751645873681,6,1,3,4,1
42,119344.48980541696,520,28455.876979495326,36,10.327705240482592,19,1,3,4,0
49,94614.9463429004,654,43934.90559123753,32,11.963710305422813,26,1,3,3,1
55,80341.29436347549,443,28095.79230720931,33,22.996235349130117,15,0,3,4,0
58,77491.1135918122,506,32520.897701910897,29,16.62077730160361,24,1,3,3,0
43,150000.0,518,28277.496169014936,34,13.99137147575558,3,1,3,4,0
49,110150.0280609147,657,40991.42330915235,42,11.359730772076679,5,1,3,4,1
53,88911.0816241856,300,19364.091292842444,35,21.957733280883023,20,1,3,4,1
45,60431.83446318588,850,41366.13035142127,46,11.57158709117763,17,1,3,3,1
50,96268.09688021621,656,31412.488021377107,32,13.990858823717643,22,1,3,4,1
55,80556.08571417903,558,24575.7743547994,22,16.227624925459267,22,1,3,4,0
62,73133.75859041544,697,15252.590346712355,40,10.162647517749559,19,1,3,5,1
44,61192.22160293087,693,22665.968320493866,28,14.82422590447346,19,1,3,5,1
55,87900.76327427595,644,21696.358015294416,38,11.49691620658083,24,1,3,4,1
51,108192.97974143825,546,31520.688061187248,38,12.82200695779183,15,1,3,3,1
33,96143.61822830532,637,24841.23621031452,34,11.816382260278406,16,1,3,3,0
47,95739.1451812137,644,31936.46544331141,25,8.060061334117657,25,1,3,3,0
51,36860.905619032696,626,29012.04873452645,29,13.138898232469323,19,1,3,4,1
45,150000.0,515,26173.234937012803,46,8.575832823627454,30,0,3,3,1
48,73450.10383758871,495,18320.34851483178,32,19.398279658379366,20,1,3,3,1
46,74323.94491824762,581,19546.212377015283,52,15.77290683611906,23,1,3,3,0
45,124295.15535021137,750,20066.839623366006,34,18.27333973915161,17,1,3,2,0
52,68980.7946044251,329,6768.344915805171,42,19.361003087441365,25,1,3,4,1
36,106917.62994559288,750,12973.531050368936,24,18.777659062376507,14,1,3,3,0
48,88623.75273369129,637,28753.55162676755,26,17.304734368117035,13,1,3,3,0
57,46722.35096662318,584,35343.94176138612,18,15.429534850145888,20,1,3,2,0
61,41645.25536347868,544,9549.905517882533,38,16.368816184685596,24,0,3,3,1
56,79217.981651236,577,21680.66896227415,36,16.666411267540237,5,1,3,3,1
47,44842.2092216996,565,10522.550069538313,35,24.018651353100637,25,1,3,5,1
48,72620.93155261695,571,35373.272251417504,46,13.63575075482399,14,1,3,3,1
65,70814.32094907365,641,27572.98257019788,15,16.264036646023094,21,1,3,3,0
35,103799.31165045254,637,30804.714613428176,31,18.26900576328921,13,1,3,4,0
45,65492.50983217185,556,36312.86760714329,40,16.608891150035443,8,1,3,5,1
57,79256.19344201559,568,26600.589239191864,30,13.987898755562158,21,1,3,2,0
55,86725.29822475168,614,25083.410775872864,24,10.844622722504774,23,1,3,2,0
57,90833.31970224787,616,28382.885453692616,22,14.61935758011836,17,1,3,2,0
62,64792.69747907289,625,23288.510231453958,29,9.544683373675074,27,1,3,3,0
36,101873.58823058312,631,17817.4918809736,44,13.798329542545986,20,1,3,3,0
51,102530.67424827148,523,20282.67167379168,41,4.78916405759915,22,0,3,2,0
53,94383.77846288266,559,19250.848642682566,41,15.657346619667292,23,1,3,2,1
47,66391.62063725005,782,47313.88157413178,26,13.631921766363487,15,1,3,3,1
51,126855.84242499521,689,22813.43847877839,37,17.554878795846587,14,1,3,3,0
51,53150.448164657835,743,36041.00990829137,14,14.2429054226493,27,1,3,5,0
45,93413.25029517923,624,18845.75958520009,43,13.20331268691199,19,1,3,4,0
38,107876.39416320948,638,22996.609997775897,45,7.556954335717433,14,1,3,2,0
50,61877.25340645165,709,27787.42515606747,27,15.312164036068035,15,1,3,4,0
44,100595.0195222947,604,26284.75427076957,30,16.401481726122142,20,1,3,4,0
57,104123.98086127608,517,23028.432868747674,38,11.527066097156938,22,1,3,4,1
42,103997.90204954475,463,23468.972404234937,40,17.464530854551455,30,1,3,3,1
51,115318.22106448161,600,31879.075512411157,36,17.937617867026066,7,1,3,4,0
51,84360.31437280914,388,24463.346226134636,33,20.409250464124355,12,1,3,3,1
